{
  "toggle_mod": true,
  "animation_speed": 250,
  "curve_points": [
    [
      0.36328125,
      0.64453125
    ]
  ]
}
